No,UPV,RN,Fc
1,4.61,26.4,20.2
2,4.44,28.5,19.91
3,4.55,27.0,20.3
4,4.58,26.6,22.16
5,4.62,27.0,20.89
6,4.51,26.8,21.67
7,4.32,26.0,18.63
8,4.35,25.5,20.1
9,4.35,27.0,20.4
10,4.37,26.0,19.22
11,4.37,26.1,21.57
12,4.32,27.3,19.22
13,4.18,22.8,15.0
14,4.25,25.0,17.36
15,4.19,23.0,15.3
16,4.2,24.5,15.89
17,4.13,23.8,14.22
18,4.26,24.0,16.67
19,4.76,32.2,32.36
20,4.76,32.0,30.6
21,4.88,30.0,35.79
22,4.78,31.8,31.58
23,4.73,32.5,30.89
24,4.77,32.0,32.36
25,4.88,32.8,34.62
26,4.8,33.6,34.62
27,4.88,33.0,35.5
28,4.85,33.8,35.5
29,4.8,33.5,34.32
30,4.85,34.0,37.46
31,4.61,30.0,28.14
32,4.65,30.5,27.07
33,4.66,31.0,30.11
34,4.66,30.8,28.14
35,4.64,29.0,28.44
36,4.64,31.0,28.44
37,4.55,30.5,27.46
38,4.65,30.0,28.64
39,4.62,31.9,28.14
40,4.62,30.8,28.93
41,4.65,31.3,29.62
42,4.62,30.8,29.52
43,4.55,30.1,29.62
44,4.55,30.7,35.5
45,4.55,32.4,34.81
46,4.55,33.0,36.19
47,4.52,32.6,30.3
48,4.55,33.8,35.3
49,4.6,28.0,22.16
50,4.52,28.0,22.26
51,4.55,30.0,23.63
52,4.5,28.0,22.26
53,4.51,28.9,22.36
54,4.51,27.5,22.16
55,4.62,31.0,27.85
56,4.67,31.2,27.26
57,4.6,30.2,25.1
58,4.62,30.0,28.44
59,4.65,30.8,26.77
60,4.54,31.0,29.03
61,4.74,28.6,23.63
62,4.7,30.7,25.69
63,4.48,28.6,23.05
64,4.51,28.5,25.2
65,4.55,29.4,24.03
66,4.54,29.2,25.5
67,4.69,30.0,28.44
68,4.73,30.0,25.3
69,4.77,30.0,28.05
70,4.73,29.4,28.14
71,4.69,30.6,27.85
72,4.77,30.3,27.36
73,4.65,25.1,17.16
74,4.48,26.0,19.61
75,4.51,25.4,16.67
76,4.58,24.4,16.67
77,4.54,26.0,18.34
78,4.54,26.0,19.12
79,4.48,28.6,22.16
80,4.52,28.0,23.14
81,4.45,28.3,22.95
82,4.48,26.3,23.05
83,4.48,29.1,22.36
84,4.55,27.4,22.36
85,4.45,26.6,19.61
86,4.45,24.6,16.67
87,4.44,25.5,17.65
88,4.44,25.4,18.34
89,4.46,26.4,17.85
90,4.53,25.4,20.1
91,4.63,29.7,24.32
92,4.58,29.3,24.52
93,4.77,30.8,25.2
94,4.66,29.7,26.87
95,4.62,29.0,26.87
96,4.69,30.0,26.18
97,4.17,23.0,14.51
98,4.15,23.5,16.18
99,4.19,23.5,14.42
100,4.08,23.1,14.22
101,4.12,24.0,14.91
102,4.17,22.0,15.2
103,4.03,21.6,12.85
104,3.94,20.5,12.16
105,3.9,21.8,12.45
106,3.93,21.1,12.45
107,3.95,20.0,12.65
108,3.95,22.0,14.32
109,4.35,24.9,15.79
110,4.36,25.8,16.18
111,4.35,24.3,15.89
112,4.31,24.4,15.3
113,4.4,25.6,16.38
114,4.2,22.2,15.4
115,4.17,22.0,14.42
116,4.22,21.9,14.32
117,4.2,22.1,15.1
118,4.17,21.8,15.49
119,4.14,21.9,15.0
120,4.35,27.2,20.1
121,4.35,28.4,19.81
122,4.45,27.9,20.89
123,4.48,28.6,22.85
124,4.45,29.2,22.56
125,4.41,29.0,21.08
126,4.62,28.7,23.05
127,4.55,28.0,24.22
128,4.58,29.8,23.54
129,4.62,28.4,24.52
130,4.65,29.0,23.83
131,4.55,29.4,23.73
132,4.38,28.1,21.38
133,4.45,28.2,20.99
134,4.4,28.6,21.67
135,4.45,28.0,24.42
136,4.1,26.2,14.42
137,3.85,22.9,14.81
138,5.05,38.2,43.25
139,5.05,37.2,40.31
140,5.1,39.0,43.44
141,5.1,38.0,39.32
142,5.05,36.8,42.27
143,5.05,37.1,41.58
144,4.8,36.0,47.56
145,4.88,34.4,42.95
146,4.93,35.4,40.7
147,4.81,34.6,41.97
148,4.92,35.2,44.33
149,4.92,35.5,43.64
150,5.22,41.5,50.21
151,5.22,41.5,50.01
152,5.18,40.6,49.33
153,5.22,42.0,50.01
154,5.22,40.0,45.4
155,5.22,41.4,50.01
156,5.0,41.0,50.41
157,4.95,41.0,52.17
158,4.92,40.8,50.8
159,5.0,41.0,50.01
160,4.98,40.0,49.13
161,4.99,41.2,50.8
162,4.96,38.9,42.95
163,4.96,37.3,40.99
164,4.96,38.5,41.68
165,4.96,38.3,40.99
166,4.96,37.3,41.19
167,5.0,37.0,41.78
168,4.92,36.2,39.91
169,4.95,36.2,39.72
170,4.8,37.3,38.25
171,4.8,38.1,40.4
172,4.78,37.2,39.72
173,4.85,35.2,39.72
174,4.77,36.1,38.83
175,4.77,37.3,41.19
176,4.77,37.1,39.72
177,4.73,36.8,38.05
178,4.77,37.1,39.42
179,4.88,36.1,40.21
180,4.84,33.0,31.87
181,4.75,33.9,33.05
182,4.72,33.8,33.93
183,4.75,34.6,33.93
184,4.72,33.3,34.81
185,4.75,33.8,34.81
186,4.52,30.0,26.38
187,4.42,30.0,25.01
188,4.45,30.9,26.97
189,4.45,30.4,26.28
190,4.45,30.9,26.58
191,4.45,30.5,25.99
192,4.52,28.3,26.09
193,4.48,30.0,26.58
194,4.45,30.0,27.46
195,4.45,29.9,27.46
196,4.45,30.9,27.46
197,4.45,31.0,27.46
198,4.26,28.0,22.85
199,4.28,28.3,23.14
200,4.28,27.0,22.36
201,4.32,28.7,23.54
202,4.32,28.2,23.34
203,4.11,29.0,24.52
204,4.29,27.0,22.46
205,4.26,28.5,22.16
206,4.2,28.2,21.38
207,4.29,29.6,22.85
208,4.29,28.0,23.54
209,4.29,28.0,23.73
210,4.033,18.3,16.2
211,4.25,20.7,19.13
212,4.123,19.0,16.74
213,4.397,20.7,19.41
214,3.76,20.3,16.45
215,4.18,22.0,19.92
216,4.383,22.7,22.13
217,3.753,18.0,12.91
218,4.123,18.0,16.05
219,4.363,18.0,17.0
220,3.74,18.7,13.96
221,4.227,20.0,19.56
222,3.87,18.3,14.14
223,4.393,18.0,19.32
224,3.94,21.3,18.65
225,4.097,20.7,22.5
226,4.477,24.3,24.6
227,3.89,19.0,15.3
228,4.147,20.3,20.21
229,4.39,23.3,22.77
230,3.93,18.3,17.54
231,4.12,20.7,20.34
232,4.41,23.3,23.46
233,4.02,20.3,17.19
234,4.157,21.7,21.3
235,4.527,25.3,22.1
236,3.953,19.7,18.28
237,4.22,21.3,22.94
238,4.43,23.7,23.98
239,4.23,24.3,21.83
240,4.407,26.7,25.6
241,4.62,25.0,28.61
242,4.113,22.0,23.03
243,4.25,26.7,27.19
244,4.51,27.0,27.73
245,4.22,22.7,22.54
246,4.407,24.3,28.06
247,4.53,27.3,30.3
248,4.207,25.3,27.43
249,4.293,25.7,31.74
250,4.627,32.0,34.66
251,4.157,23.0,21.41
252,4.317,23.7,25.91
253,4.673,28.0,32.09
254,4.057,23.7,21.69
255,4.213,24.7,27.48
256,4.637,26.7,28.73
257,4.173,25.3,27.48
258,4.423,29.3,33.34
259,4.723,33.7,33.73
260,4.173,24.0,29.35
261,4.333,28.7,36.33
262,4.74,34.3,37.64
263,4.333,25.0,30.27
264,4.443,31.7,36.29
265,4.813,35.7,37.06
266,4.3,31.0,20.99
267,4.4,32.0,22.61
268,4.5,33.0,23.9
269,4.6,33.0,24.47
270,4.5,33.0,27.3
271,4.7,34.0,28.76
272,4.5,36.0,28.69
273,4.8,37.0,32.16
274,4.3,32.0,24.07
275,4.2,32.0,25.33
276,4.4,33.0,25.79
277,4.4,33.0,26.37
278,4.7,34.0,29.81
279,4.4,35.0,30.5
280,4.8,38.0,33.66
281,4.8,38.0,36.67
282,4.9,39.0,41.14
283,4.39,31.0,28.18
284,4.45,32.0,31.39
285,4.72,33.0,33.67
286,4.66,33.0,34.7
287,4.77,34.0,36.83
288,4.78,36.0,39.45
289,4.8,36.0,41.76
290,4.92,37.0,46.68
291,4.95,39.0,51.27
292,4.66,49.3,54.1
293,4.71,55.2,56.1
294,4.71,55.5,56.5
295,4.8,55.5,56.9
296,4.5,39.5,40.6
297,4.72,45.7,47.6
298,4.65,45.9,48.3
299,4.7,46.9,49.2
300,4.35,37.9,39.4
301,4.49,43.5,41.5
302,4.75,42.1,41.9
303,4.6,46.4,43.2
304,4.41,29.6,32.9
305,4.5,30.0,33.0
306,4.5,32.4,33.7
307,4.6,36.6,34.7
308,4.13,20.7,20.4
309,4.25,23.1,23.3
310,4.3,22.6,24.2
311,4.3,26.3,27.0
312,3.821,19.0,12.8
313,4.0,22.0,14.8
314,4.2,29.0,21.8
315,3.963,25.0,20.3
316,4.154,31.0,23.9
317,4.375,35.0,28.2
318,4.385,32.0,30.6
319,4.5,38.0,33.6
320,4.667,42.0,39.8
321,4.458,37.0,33.2
322,4.596,42.0,38.4
323,4.773,45.0,48.7
324,4.82,25.0,27.96
325,5.13,31.0,38.65
326,5.23,37.0,47.87
327,5.05,40.0,56.21
328,4.88,34.0,52.48
329,5.13,43.0,65.92
330,5.19,41.0,69.36
331,5.05,42.0,65.43
332,4.91,33.0,45.32
333,5.21,43.0,71.51
334,5.18,43.0,69.36
335,5.12,46.0,76.32
336,5.14,42.0,64.94
337,5.08,38.0,52.29
338,5.23,41.0,61.9
339,5.3,43.0,68.87
340,5.17,44.0,65.43
341,4.88,25.0,28.35
342,5.05,44.0,62.78
343,5.2,44.0,65.83
344,5.3,45.0,64.75
345,5.22,43.0,58.37
346,5.39,45.0,60.82
347,4.9,34.0,53.27
348,5.04,38.0,61.31
349,5.05,31.0,47.87
350,5.1,34.0,51.7
351,5.32,32.0,51.7
352,4.93,30.0,37.47
353,5.27,36.0,50.23
354,5.23,36.0,49.44
355,5.2,38.0,51.7
356,5.26,37.0,50.23
357,4.98,38.0,46.7
358,5.15,33.0,53.66
359,5.22,39.0,60.14
360,5.27,37.0,54.05
361,5.17,39.0,53.27
362,5.2,36.0,59.35
363,4.36,26.3,22.87
364,4.5,32.7,27.92
365,4.51,27.2,23.3
366,4.91,29.9,28.5
367,4.51,35.7,31.23
368,4.69,37.5,33.89
369,4.53,36.4,32.12
370,4.78,40.6,37.28
371,4.79,41.3,42.53
372,4.93,43.8,44.75
373,4.82,41.1,43.23
374,4.96,44.0,45.74
375,4.97,48.4,52.12
376,5.06,52.2,54.96
377,5.01,50.3,53.8
378,5.1,53.4,59.33
379,4.51,30.4,23.25
380,4.66,33.3,29.32
381,4.59,30.8,25.69
382,4.96,33.1,30.38
383,4.57,37.9,32.26
384,4.78,38.4,36.15
385,4.62,38.7,33.48
386,4.85,41.5,37.65
387,4.8,41.3,42.77
388,4.91,44.7,45.81
389,4.89,43.5,43.67
390,4.91,46.7,46.97
391,5.08,49.1,52.65
392,5.11,52.3,55.82
393,5.15,51.3,54.22
394,5.22,53.5,58.93
395,3.73,18.7,13.02
396,3.93,18.0,18.15
397,4.227,19.7,17.94
398,3.443,10.3,11.07
399,3.917,15.0,14.69
400,4.307,18.7,16.99
401,3.623,18.7,14.11
402,3.943,18.0,17.9
403,4.327,17.7,19.48
404,3.663,15.7,11.16
405,3.92,16.0,13.7
406,4.243,16.0,16.99
407,3.663,15.3,12.07
408,3.88,14.0,14.61
409,4.147,17.7,18.32
410,3.91,17.3,12.82
411,4.033,16.3,15.53
412,4.3,17.0,18.11
413,4.007,18.0,16.07
414,4.127,19.3,19.81
415,4.3,19.0,23.77
416,3.92,18.0,13.11
417,4.023,17.7,17.19
418,4.287,20.7,19.73
419,3.927,19.3,16.11
420,4.08,19.0,19.82
421,4.253,22.7,23.9
422,3.957,17.0,13.65
423,4.127,18.3,18.32
424,4.33,21.7,22.82
425,3.987,19.0,14.99
426,4.18,18.3,18.11
427,4.297,20.0,22.77
428,4.12,21.7,17.11
429,4.24,23.3,19.82
430,4.347,22.7,24.48
431,4.08,19.0,18.73
432,4.213,24.3,25.59
433,4.38,23.3,28.94
434,4.2,20.0,18.03
435,4.32,20.7,23.69
436,4.537,23.0,27.6
437,4.16,25.0,21.57
438,4.23,21.7,25.73
439,4.457,27.3,29.94
440,4.173,22.3,18.32
441,4.28,23.3,24.36
442,4.443,27.0,26.44
443,4.093,20.7,19.61
444,4.27,22.3,24.94
445,4.457,25.0,28.01
446,4.33,22.0,23.31
447,4.47,26.0,31.35
448,4.543,27.0,28.81
449,4.28,21.0,27.02
450,4.407,26.3,32.273
451,4.573,28.7,32.18
452,4.267,22.0,27.94
453,4.413,23.7,30.56
454,4.56,29.0,31.02
455,4.77,29.3,39.99
456,4.796,31.2,39.8
457,4.788,31.0,35.28
458,4.785,31.0,40.14
459,4.695,29.3,35.58
460,4.682,29.7,36.75
461,4.884,31.7,43.58
462,4.881,31.4,43.24
463,5.023,34.6,52.99
464,4.8,32.2,38.21
465,4.779,30.5,42.51
466,4.937,30.3,51.35
467,4.784,24.1,26.09
468,5.09,38.8,47.23
469,5.119,37.9,58.07
470,5.02,38.0,52.3
471,4.629,31.3,37.22
472,5.117,39.5,55.09
473,5.239,42.4,70.77
474,5.049,40.1,64.82
475,4.785,36.2,29.97
476,4.888,43.3,39.23
477,5.119,46.8,47.99
478,5.089,45.4,48.81
479,4.739,41.8,40.1
480,5.038,47.8,58.06
481,5.166,50.9,68.6
482,5.047,49.4,66.86
