tarih,il,ilce,yapimYili,katSayisi,zeminDukkan,bitisik,hasar,kullanimAmaci,kisaKolon,agirCikma,planTipi,bitisikHiza,zeminSinifi,crackPuan,depremSeviye,depremPuan,yapisalPuan,yapisalSeviye,genelSeviye,gercekEtiket
2025-12-13T22:28:03,Ankara,Çankaya,1989,5,hayir,evet,yok,konut,yok,yok,L,uyumlu,Z2,0,düşük,0,8,Orta,Orta,
2025-12-13T22:40:26,Ankara,Çankaya,1989,9,hayir,evet,yok,konut,yok,yok,L,farkli,Z1,0,düşük,0,10,Orta,Orta,
2025-12-14T12:11:20,Ankara,Çankaya,1989,5,hayir,evet,yok,konut,yok,yok,L,uyumlu,Z1,0,düşük,0,7,Orta,Orta,
2025-12-14T12:25:17,Ankara,Çankaya,2001,9,evet,evet,yok,okul,yok,hafif,L,uyumlu,Z1,0,düşük,0,12,Yüksek,Yüksek,
2025-12-14T12:27:10,istanbul,kadıköy,2001,9,evet,evet,yok,okul,yok,hafif,L,uyumlu,Z2,0,yüksek,3,13,Yüksek,Yüksek,
2025-12-14T12:27:12,istanbul,kadıköy,2001,9,evet,evet,yok,okul,yok,hafif,L,uyumlu,Z2,0,yüksek,3,13,Yüksek,Yüksek,
2025-12-14T12:27:12,istanbul,kadıköy,2001,9,evet,evet,yok,okul,yok,hafif,L,uyumlu,Z2,0,yüksek,3,13,Yüksek,Yüksek,
2025-12-15T22:59:37,Ankara,Çankaya,2004,21,hayir,evet,yok,konut,var,yok,L,farkli,Z1,0,düşük,0,11,Yüksek,Yüksek,
2025-12-16T21:34:59,Antalya,Muratpaşa,2004,6,yok,hayir,hafif,konut,var,hafif,dikdortgen,uyumlu,Z1,0,orta,1,8,Orta,Orta,
2025-12-16T21:50:02,Ankara,Çankaya,2004,6,hayir,hayir,yok,konut,yok,yok,dikdortgen,yok,Z1,0,düşük,0,3,Düşük,Düşük,
2025-12-16T22:16:54,Ankara,Çankaya,2004,6,hayir,hayir,yok,konut,yok,yok,dikdortgen,yok,Z1,0,düşük,0,3,Düşük,Düşük,
2025-12-16T22:23:55,Ankara,Çankaya,2004,6,hayir,hayir,yok,konut,yok,yok,dikdortgen,yok,Z1,0,düşük,0,3,Düşük,Düşük,
2025-12-17T11:25:00,Ankara,Yenimahalle,2001,9,evet,evet,yok,konut,yok,hafif,dikdortgen,uyumlu,Z3,0,düşük,0,10,Orta,Orta,
2025-12-17T21:29:09,Ankara,Çankaya,2001,8,evet,evet,yok,konut,yok,hafif,L,uyumlu,Z1,0,düşük,0,11,Yüksek,Yüksek,
2025-12-17T21:49:35,Ankara,Çankaya,2004,6,hayir,hayir,yok,konut,yok,yok,dikdortgen,yok,Z1,0,düşük,0,4,Orta,Düşük,
2025-12-17T21:50:20,antalya,muratpaşa,2004,6,hayir,hayir,yok,konut,yok,yok,dikdortgen,yok,Z1,0,orta,1,4,Orta,Orta,
2025-12-17T21:51:49,istanbul,avcılar,2004,6,hayir,hayir,yok,konut,yok,yok,dikdortgen,yok,Z4,0,yüksek,3,6,Orta,Orta,
2025-12-17T21:51:57,istanbul,avcılar,2004,6,hayir,hayir,yok,konut,yok,yok,dikdortgen,yok,Z4,0,yüksek,3,6,Orta,Orta,
2025-12-17T21:53:32,istanbul,şişli,2004,6,hayir,hayir,yok,konut,yok,yok,dikdortgen,yok,Z3,0,yüksek,3,6,Orta,Orta,
2025-12-17T21:53:37,istanbul,şişli,2004,6,hayir,hayir,yok,konut,yok,yok,dikdortgen,yok,Z3,0,yüksek,3,6,Orta,Orta,
2025-12-17T21:53:37,istanbul,şişli,2004,6,hayir,hayir,yok,konut,yok,yok,dikdortgen,yok,Z3,0,yüksek,3,6,Orta,Orta,
2025-12-17T21:53:38,istanbul,şişli,2004,6,hayir,hayir,yok,konut,yok,yok,dikdortgen,yok,Z3,0,yüksek,3,6,Orta,Orta,
2025-12-17T21:53:46,istanbul,kadıköy,2004,6,hayir,hayir,yok,konut,yok,yok,dikdortgen,yok,Z2,0,yüksek,3,5,Orta,Orta,
2025-12-17T21:53:54,istanbul,avcılar,2004,6,hayir,hayir,yok,konut,yok,yok,dikdortgen,yok,Z4,0,yüksek,3,6,Orta,Orta,
2025-12-19T21:58:22,Ankara,Çankaya,2001,8,hayir,evet,yok,konut,yok,yok,dikdortgen,uyumlu,Z1,0,düşük,0,5,Orta,Orta,
2025-12-19T21:59:54,Ankara,Çankaya,2005,5,evet,hayir,yok,konut,yok,yok,dikdortgen,yok,Z1,0,düşük,0,6,Orta,Düşük,
2025-12-19T22:01:56,Ankara,Çankaya,1989,5,evet,evet,yok,ofis,yok,hafif,L,uyumlu,Z1,0,düşük,0,12,Yüksek,Orta,
2025-12-19T22:11:05,Giresun,alucra,2004,9,evet,evet,hafif,ofis,emin_degil,yok,L,uyumlu,Z2,0,yüksek,3,18,Yüksek,Yüksek,
2025-12-19T22:27:29,giresun,alucra,2004,9,evet,evet,yok,ofis,emin_degil,yok,L,uyumlu,Z4,0,yüksek,3,15,Yüksek,Yüksek,
2025-12-19T23:39:18,Ankara,Çankaya,2001,8,evet,evet,yok,konut,yok,hafif,dikdortgen,uyumlu,Z1,0,düşük,0,9,Orta,Orta,
2025-12-20T17:15:45,Ankara,Çankaya,1999,3,hayir,evet,yok,konut,yok,hafif,dikdortgen,uyumlu,Z1,0,düşük,0,6,Orta,Düşük,
2025-12-29T11:29:05,Ankara,Çankaya,1999,6,hayir,hayir,yok,konut,yok,hafif,dikdortgen,yok,Z1,0,düşük,0,7,Orta,Düşük,
2025-12-29T11:46:08,Ankara,Çankaya,2000,10,hayir,hayir,yok,konut,yok,hafif,dikdortgen,yok,Z1,0,düşük,0,7,Orta,Yüksek,
2025-12-29T11:46:08,Ankara,Çankaya,2000,10,hayir,hayir,yok,konut,yok,hafif,dikdortgen,yok,Z1,0,düşük,0,7,Orta,Yüksek,
2025-12-29T11:46:08,Ankara,Çankaya,2000,10,hayir,hayir,yok,konut,yok,hafif,dikdortgen,yok,Z1,0,düşük,0,7,Orta,Yüksek,
2025-12-29T12:01:04,Ankara,Çankaya,2000,5,hayir,hayir,yok,konut,yok,yok,dikdortgen,yok,Z1,0,düşük,0,3,Düşük,Orta,
2025-12-29T12:06:50,Ankara,Çankaya,2000,3,hayir,hayir,yok,konut,yok,hafif,dikdortgen,yok,Z1,0,düşük,0,3,Düşük,Orta,
2025-12-29T12:11:18,Ankara,Çankaya,2000,5,hayir,hayir,yok,konut,yok,hafif,dikdortgen,yok,Z1,0,düşük,0,4,Orta,Orta,
2025-12-29T12:11:21,Ankara,Çankaya,2000,5,hayir,hayir,yok,konut,yok,hafif,dikdortgen,yok,Z1,0,düşük,0,4,Orta,Orta,
2025-12-29T12:11:21,Ankara,Çankaya,2000,5,hayir,hayir,yok,konut,yok,hafif,dikdortgen,yok,Z1,0,düşük,0,4,Orta,Orta,
2025-12-29T12:11:21,Ankara,Çankaya,2000,5,hayir,hayir,yok,konut,yok,hafif,dikdortgen,yok,Z1,0,düşük,0,4,Orta,Orta,
2025-12-29T12:15:37,Ankara,Çankaya,2000,5,hayir,hayir,yok,konut,yok,hafif,dikdortgen,yok,Z1,0,düşük,0,4,Orta,Orta,
2025-12-29T12:15:41,Ankara,Çankaya,2000,5,hayir,hayir,yok,konut,yok,hafif,dikdortgen,yok,Z1,0,düşük,0,4,Orta,Orta,
2025-12-29T12:15:41,Ankara,Çankaya,2000,5,hayir,hayir,yok,konut,yok,hafif,dikdortgen,yok,Z1,0,düşük,0,4,Orta,Orta,
2025-12-29T12:16:28,Ankara,Çankaya,2000,8,hayir,hayir,yok,konut,yok,hafif,dikdortgen,yok,Z1,0,düşük,0,5,Orta,Orta,
2025-12-29T12:16:33,Ankara,Çankaya,2000,8,hayir,hayir,yok,konut,yok,hafif,dikdortgen,yok,Z1,0,düşük,0,5,Orta,Orta,
2025-12-29T12:16:33,Ankara,Çankaya,2000,8,hayir,hayir,yok,konut,yok,hafif,dikdortgen,yok,Z1,0,düşük,0,5,Orta,Orta,
2025-12-29T12:19:28,Ankara,Çankaya,2000,5,hayir,hayir,yok,konut,yok,hafif,dikdortgen,yok,Z1,0,düşük,0,4,Orta,Orta,
2025-12-29T12:19:46,Ankara,Çankaya,2000,5,hayir,hayir,yok,konut,yok,hafif,dikdortgen,yok,Z1,0,düşük,0,4,Orta,Orta,
2025-12-29T12:20:25,Ankara,Çankaya,2000,5,hayir,hayir,yok,konut,yok,hafif,dikdortgen,yok,Z1,0,düşük,0,4,Orta,Orta,
2025-12-29T12:26:48,Ankara,Çankaya,2000,6,hayir,hayir,yok,konut,yok,hafif,dikdortgen,yok,Z1,0,düşük,0,5,Orta,Orta,
2025-12-30T02:13:29,istanbul,kadıköy,1995,4,evet,evet,hafif,konut,yok,yok,U,uyumlu,Z3,0,yüksek,3,17,20,Yüksek,Yüksek
2025-12-30T02:18:31,istanbul,kadıköy,1995,4,evet,evet,hafif,konut,yok,yok,U,uyumlu,Z3,0,yüksek,3,17,20,Yüksek,Yüksek
2025-12-30T02:18:48,istanbul,kadıköy,1995,4,evet,evet,hafif,konut,yok,yok,U,uyumlu,Z3,0,yüksek,3,17,20,Yüksek,Yüksek
2025-12-30T02:19:09,istanbul,kadıköy,1995,4,evet,evet,hafif,konut,yok,yok,U,uyumlu,Z3,0,yüksek,3,17,20,Yüksek,Yüksek
2025-12-30T02:19:21,istanbul,kadıköy,1995,4,evet,evet,hafif,konut,yok,yok,U,uyumlu,Z3,0,yüksek,3,17,20,Yüksek,Yüksek
2025-12-30T02:19:33,istanbul,kadıköy,1995,4,evet,evet,hafif,konut,yok,yok,U,uyumlu,Z3,0,yüksek,3,17,20,Yüksek,Yüksek
2025-12-30T02:19:56,istanbul,kadıköy,1995,4,evet,evet,hafif,konut,yok,yok,U,uyumlu,Z3,0,yüksek,3,17,20,Yüksek,Yüksek
2025-12-30T02:20:17,istanbul,kadıköy,2020,4,evet,evet,hafif,konut,yok,yok,U,uyumlu,Z3,0,yüksek,3,14,17,Yüksek,Yüksek
2025-12-30T02:20:48,istanbul,kadıköy,2020,4,evet,evet,yok,konut,yok,yok,U,uyumlu,Z3,0,yüksek,3,10,13,Yüksek,Orta
2025-12-30T02:22:08,ankar,kadıköy,2020,4,evet,evet,yok,konut,yok,yok,U,uyumlu,Z3,0,orta,1,10,11,Orta,Düşük
2025-12-30T02:22:15,ankarq,,2020,4,evet,evet,yok,konut,yok,yok,U,uyumlu,Z3,0,orta,1,10,11,Orta,Düşük
2025-12-30T02:23:36,ankara,çankaya,2021,4,hayir,hayir,yok,konut,yok,yok,dikdortgen,yok,Z1,0,düşük,0,2,2,Düşük,Düşük
2025-12-30T02:25:57,istanbul,avcılar,1985,8,evet,evet,kolon,konut,var,buyuk,L,farkli,Z4,0,yüksek,3,29,32,Yüksek,Yüksek
2025-12-30T04:48:13,ankara,keçiören,1900,5,evet,evet,kolon,konut,yok,hafif,L,farkli,Z2,0,düşük,0,24,24,Yüksek,Yüksek
2025-12-30T05:13:30,ankara,keçiören,1999,4,evet,evet,hafif,sanayi,yok,hafif,U,uyumlu,Z2,0,düşük,0,17,17,Yüksek,Yüksek
2025-12-30T05:14:18,ankara,keçiören,1999,4,evet,evet,hafif,sanayi,yok,hafif,U,uyumlu,Z1,0,düşük,0,16,16,Yüksek,Yüksek
2025-12-30T05:14:37,ankara,keçiören,1999,4,evet,evet,hafif,sanayi,yok,hafif,dikdortgen,uyumlu,Z1,0,düşük,0,14,14,Yüksek,Yüksek
2025-12-30T05:14:51,ankara,keçiören,1999,4,hayir,hayir,hafif,sanayi,yok,hafif,dikdortgen,yok,Z1,0,düşük,0,10,10,Orta,Yüksek
2025-12-30T05:15:22,ankara,keçiören,1999,4,hayir,hayir,hafif,sanayi,yok,hafif,dikdortgen,yok,Z1,0,düşük,0,10,10,Orta,Yüksek
2025-12-30T05:15:37,ankara,keçiören,1999,4,hayir,hayir,hafif,sanayi,yok,hafif,dikdortgen,yok,Z1,0,düşük,0,10,10,Orta,Düşük
2025-12-30T05:15:56,ankara,keçiören,1999,4,hayir,hayir,hafif,sanayi,yok,hafif,dikdortgen,yok,Z1,0,düşük,0,10,10,Orta,Düşük
2025-12-30T05:16:06,ankara,keçiören,1999,4,hayir,hayir,hafif,sanayi,yok,hafif,dikdortgen,yok,Z1,0,düşük,0,10,10,Orta,Orta
2025-12-30T05:16:22,ankara,keçiören,1999,4,hayir,hayir,hafif,sanayi,yok,hafif,dikdortgen,yok,Z1,0,düşük,0,10,10,Orta,Orta
2025-12-30T05:16:41,ankara,keçiören,1999,4,hayir,hayir,hafif,sanayi,yok,hafif,dikdortgen,yok,Z1,0,düşük,0,10,10,Orta,Orta
2025-12-30T05:16:58,ankara,keçiören,1999,4,hayir,hayir,hafif,sanayi,yok,hafif,dikdortgen,yok,Z1,0,düşük,0,10,10,Orta,Yüksek
2025-12-30T05:17:16,ankara,keçiören,1999,4,hayir,hayir,hafif,sanayi,yok,hafif,dikdortgen,yok,Z1,0,düşük,0,10,10,Orta,Yüksek
2025-12-30T05:17:27,ankara,keçiören,1999,4,hayir,hayir,hafif,sanayi,yok,hafif,dikdortgen,yok,Z1,0,düşük,0,10,10,Orta,Yüksek
2025-12-30T05:17:38,ankara,keçiören,1999,4,hayir,hayir,hafif,sanayi,yok,hafif,dikdortgen,yok,Z1,0,düşük,0,10,10,Orta,Orta
2025-12-30T05:17:51,ankara,keçiören,1999,4,hayir,hayir,hafif,sanayi,yok,hafif,dikdortgen,yok,Z1,0,düşük,0,10,10,Orta,Yüksek
2025-12-30T05:18:16,ankara,keçiören,1999,4,hayir,hayir,hafif,sanayi,yok,hafif,dikdortgen,yok,Z1,0,düşük,0,10,10,Orta,Orta
2025-12-30T05:18:34,ankara,keçiören,1999,4,hayir,hayir,hafif,sanayi,yok,hafif,dikdortgen,yok,Z1,0,düşük,0,10,10,Orta,Yüksek
2025-12-30T17:37:40,ankara,keçiören,1999,4,evet,hayir,hafif,konut,yok,hafif,dikdortgen,yok,Z2,0,düşük,0,14,14,Yüksek,Yüksek
2025-12-30T17:37:49,ankara,keçiören,1999,4,evet,hayir,hafif,konut,yok,hafif,dikdortgen,yok,Z2,0,düşük,0,14,14,Yüksek,Yüksek
2025-12-30T17:37:51,ankara,keçiören,1999,4,evet,hayir,hafif,konut,yok,hafif,dikdortgen,yok,Z2,0,düşük,0,14,14,Yüksek,Yüksek
2025-12-30T17:37:56,ankara,keçiören,1999,4,evet,hayir,hafif,konut,yok,hafif,dikdortgen,yok,Z2,0,düşük,0,14,14,Yüksek,Yüksek
2025-12-30T17:37:57,ankara,keçiören,1999,4,evet,hayir,hafif,konut,yok,hafif,dikdortgen,yok,Z2,0,düşük,0,14,14,Yüksek,Yüksek
2025-12-30T17:37:58,ankara,keçiören,1999,4,evet,hayir,hafif,konut,yok,hafif,dikdortgen,yok,Z2,0,düşük,0,14,14,Yüksek,Yüksek
2025-12-30T17:38:09,ankara,keçiören,1999,4,evet,hayir,hafif,konut,yok,hafif,dikdortgen,yok,Z2,0,düşük,0,14,14,Yüksek,Yüksek
2025-12-30T17:44:57,ankara,keçiören,1999,5,evet,evet,hafif,konut,var,yok,dikdortgen,uyumlu,Z2,0,düşük,0,17,17,Yüksek,Yüksek
2025-12-30T17:58:30,ankara,keçiören,1999,4,evet,evet,hafif,konut,yok,hafif,dikdortgen,uyumlu,Z2,0,düşük,0,15,15,Yüksek,Yüksek
2025-12-30T17:58:45,ankara,keçiören,1999,4,evet,evet,hafif,konut,yok,hafif,dikdortgen,uyumlu,Z2,0,düşük,0,15,15,Yüksek,Yüksek
2025-12-30T17:59:58,ankara,keçiören,1999,5,evet,hayir,hafif,okul,var,hafif,dikdortgen,yok,Z2,0,düşük,0,19,19,Yüksek,Orta
2025-12-30T18:05:19,ankara,,1999,5,evet,evet,yok,konut,yok,yok,dikdortgen,uyumlu,Z2,0,düşük,0,10,10,Orta,Orta
2025-12-30T18:05:46,ankara,,1999,5,evet,evet,yok,konut,yok,yok,dikdortgen,uyumlu,Z2,0,düşük,0,10,10,Orta,Orta
2025-12-30T18:06:10,ankara,,1999,5,evet,evet,yok,konut,yok,yok,dikdortgen,uyumlu,Z2,0,düşük,0,10,10,Orta,Orta
2025-12-30T18:14:56,ankara,keçiören,1999,4,evet,hayir,hafif,konut,yok,hafif,L,yok,Z2,0,düşük,0,16,16,Yüksek,Yüksek
2025-12-30T18:17:33,ankara,keçiören,1999,4,hayir,hayir,yok,konut,yok,yok,dikdortgen,yok,Z2,0,düşük,0,6,6,Orta,Yüksek
2025-12-30T18:20:41,ankara,,1999,4,hayir,hayir,yok,konut,yok,yok,dikdortgen,yok,Z2,0,düşük,0,6,6,Orta,Düşük
2025-12-30T18:21:12,ankara,keçiören,1999,4,hayir,hayir,yok,konut,yok,yok,dikdortgen,yok,Z2,0,düşük,0,6,6,Orta,Düşük
2025-12-30T18:21:37,ankara,bala,1999,4,hayir,hayir,yok,konut,yok,yok,dikdortgen,yok,Z2,0,orta,1,6,7,Orta,Düşük
2025-12-30T18:22:02,istanbul,beşiktaş,1999,4,hayir,hayir,yok,konut,yok,yok,dikdortgen,yok,Z3,0,yüksek,3,7,10,Orta,Düşük
2025-12-30T18:24:29,izmir,karşıyaka,1996,6,evet,evet,hafif,konut,yok,buyuk,L,farkli,Z3,0,yüksek,3,22,25,Yüksek,Yüksek
2025-12-30T18:27:55,konya,selçuklu,2021,4,hayir,hayir,yok,konut,yok,yok,dikdortgen,yok,Z1,0,düşük,0,2,2,Düşük,Düşük
2025-12-30T18:32:45,konya,selçuklu,2021,4,hayir,hayir,yok,konut,yok,yok,dikdortgen,yok,Z1,0,düşük,0,2,2,Düşük,Düşük
2025-12-30T18:33:02,konya,selçuklu,2021,4,hayir,hayir,yok,konut,yok,yok,dikdortgen,yok,Z1,0,düşük,0,2,2,Düşük,Düşük
2025-12-30T18:33:16,konya,selçuklu,2021,99,hayir,hayir,yok,konut,yok,yok,dikdortgen,yok,Z1,0,düşük,0,5,5,Düşük,Düşük
2025-12-30T18:33:37,konya,selçuklu,1800,99,hayir,hayir,yok,konut,yok,yok,dikdortgen,yok,Z1,0,düşük,0,9,9,Orta,Düşük
2025-12-30T18:33:50,konya,selçuklu,1800,99,hayir,hayir,yok,konut,yok,yok,dikdortgen,yok,Z1,0,düşük,0,9,9,Orta,Düşük
2025-12-30T18:34:02,konya,selçuklu,1800,99,hayir,hayir,yok,konut,yok,yok,dikdortgen,yok,Z1,0,düşük,0,9,9,Orta,Düşük
2025-12-30T18:34:18,konya,selçuklu,1800,99,hayir,hayir,yok,konut,yok,yok,dikdortgen,yok,Z1,0,düşük,0,9,9,Orta,Orta
2025-12-30T18:34:37,konya,selçuklu,1800,99,hayir,hayir,yok,konut,yok,yok,dikdortgen,yok,Z1,0,düşük,0,9,9,Orta,Yüksek
2025-12-30T18:34:51,konya,selçuklu,1800,99,hayir,hayir,yok,konut,yok,yok,dikdortgen,yok,Z4,0,düşük,0,11,11,Orta,Yüksek
2025-12-30T18:35:06,konya,selçuklu,1800,99,hayir,hayir,yok,konut,yok,yok,dikdortgen,yok,Z4,0,düşük,0,11,11,Orta,Orta
2025-12-30T18:35:22,konya,selçuklu,1800,99,hayir,hayir,yok,konut,yok,yok,dikdortgen,yok,Z1,0,düşük,0,9,9,Orta,Orta
2025-12-30T18:36:23,ankara,keçiören,1999,3,hayir,evet,hafif,okul,var,hafif,dikdortgen,farkli,Z2,0,düşük,0,18,18,Yüksek,Yüksek
2025-12-30T19:25:04,ankara,Beypazarı,1999,5,hayir,evet,hafif,isyeri,var,buyuk,L,farkli,Z2,0,orta,1,20,21,Yüksek,Yüksek
2025-12-30T19:36:46,ağrı,Hamur,1999,5,evet,hayir,hafif,konut,var,hafif,dikdortgen,yok,Z3,0,orta,1,18,19,Yüksek,Yüksek
2025-12-30T19:49:19,adana,Feke,2020,4,hayir,evet,yok,konut,yok,yok,dikdortgen,uyumlu,Z3,0,yüksek,3,5,8,Orta,Düşük
2025-12-30T20:54:45,ankara,Keçiören,1971,4,hayir,hayir,hafif,konut,emin_degil,hafif,dikdortgen,yok,Z2,0,düşük,0,13,13,Yüksek,Düşük
2025-12-30T20:58:16,istanbul,Beşiktaş,1971,6,evet,evet,hafif,konut,emin_degil,hafif,T,farkli,Z3,0,yüksek,3,23,26,Yüksek,Yüksek
2025-12-31T14:01:10,afyonkarahisar,Çobanlar,1999,4,hayir,evet,hafif,konut,yok,hafif,dikdortgen,uyumlu,Z3,0,orta,1,13,14,Yüksek,Yüksek
2025-12-31T14:04:22,ağrı,Eleşkirt,1999,6,hayir,hayir,hafif,konut,yok,hafif,dikdortgen,yok,Z3,0,orta,1,13,14,Yüksek,Yüksek
2025-12-31T14:04:43,ağrı,Eleşkirt,1999,6,hayir,hayir,hafif,konut,yok,hafif,dikdortgen,yok,Z3,0,orta,1,13,14,Yüksek,Yüksek
2025-12-31T15:59:35,ağrı,Hamur,2000,4,hayir,hayir,yok,konut,yok,yok,dikdortgen,yok,Z3,0,orta,1,5,6,Orta,Yüksek
2025-12-31T16:01:31,afyonkarahisar,Çay,1999,4,hayir,evet,yok,konut,yok,yok,dikdortgen,uyumlu,Z3,0,yüksek,3,8,11,Orta,Yüksek
2025-12-31T16:07:54,afyonkarahisar,Çobanlar,1999,4,hayir,hayir,yok,konut,var,yok,dikdortgen,yok,Z3,0,orta,1,10,11,Orta,Yüksek
2025-12-31T16:08:48,afyonkarahisar,Çobanlar,1999,4,hayir,hayir,yok,konut,var,yok,dikdortgen,yok,Z3,0,orta,1,10,11,Orta,Yüksek
2025-12-31T16:09:33,afyonkarahisar,Çobanlar,1999,4,hayir,hayir,yok,konut,var,yok,dikdortgen,yok,Z3,0,orta,1,10,11,Orta,Düşük
2026-01-03T01:12:26,adana,Çukurova,1802,3,hayir,hayir,kolon,konut,var,hafif,L,yok,Z3,0,yüksek,3,21,24,Yüksek,Yüksek
2026-01-03T01:53:59,ağrı,Hamur,1999,4,hayir,hayir,hafif,konut,var,hafif,dikdortgen,yok,Z3,0,orta,1,15,16,Yüksek,Orta
2026-01-03T01:54:47,ağrı,Hamur,1999,4,hayir,hayir,hafif,konut,var,hafif,dikdortgen,yok,Z3,0,orta,1,15,16,Yüksek,Orta
2026-01-03T13:32:13,amasya,Hamamözü,1999,4,hayir,hayir,yok,konut,yok,yok,dikdortgen,yok,Z3,0,yüksek,3,7,10,Orta,Yüksek
2026-01-03T13:35:17,amasya,Hamamözü,1999,4,hayir,hayir,yok,konut,yok,yok,dikdortgen,yok,Z3,0,yüksek,3,7,10,Orta,Düşük
2026-01-03T13:43:13,ağrı,Hamur,1999,5,hayir,hayir,yok,konut,yok,yok,dikdortgen,yok,Z3,0,orta,1,7,8,Orta,Yüksek
2026-01-03T13:44:23,ağrı,Hamur,1999,5,hayir,hayir,yok,konut,yok,yok,dikdortgen,yok,Z3,0,orta,1,7,8,Orta,Düşük
2026-01-03T13:45:18,ağrı,Hamur,1999,5,hayir,hayir,yok,konut,yok,yok,dikdortgen,yok,Z3,0,orta,1,7,8,Orta,Düşük
2026-01-03T18:19:50,ankara,Çamlıdere,1999,4,hayir,hayir,yok,konut,emin_degil,yok,dikdortgen,yok,Z2,0,yüksek,3,7,10,Orta,Orta
2026-01-03T18:21:16,ankara,Çamlıdere,1999,4,hayir,hayir,yok,konut,emin_degil,yok,dikdortgen,yok,Z2,0,yüksek,3,7,10,Orta,Orta
2026-01-03T19:15:46,afyonkarahisar,Bolvadin,1999,6,hayir,hayir,yok,konut,yok,yok,dikdortgen,yok,Z3,0,orta,1,8,9,Orta,Orta
2026-01-03T19:19:17,afyonkarahisar,Emirdağ,1999,4,hayir,hayir,yok,konut,yok,yok,dikdortgen,yok,Z3,0,orta,1,7,8,Orta,Yüksek
2026-01-04T22:33:08,istanbul,Avcılar,1998,8,evet,evet,hafif,konut,var,buyuk,L,farkli,Z4,0,yüksek,3,25,28,Yüksek,Yüksek
2026-01-04T22:33:35,istanbul,Avcılar,1998,8,evet,evet,hafif,konut,var,buyuk,L,farkli,Z3,0,yüksek,3,25,28,Yüksek,Yüksek
2026-01-04T22:33:52,istanbul,Avcılar,1998,8,evet,evet,hafif,konut,var,buyuk,L,farkli,Z4,0,yüksek,3,25,28,Yüksek,Yüksek
2026-01-04T22:34:10,istanbul,Avcılar,1998,8,evet,evet,hafif,konut,var,buyuk,L,farkli,Z4,0,yüksek,3,25,28,Yüksek,Yüksek
2026-01-04T22:34:29,istanbul,Avcılar,1998,8,evet,evet,hafif,konut,var,buyuk,L,farkli,Z4,0,yüksek,3,25,28,Yüksek,Yüksek
2026-01-04T22:34:40,istanbul,Avcılar,1998,8,evet,evet,hafif,konut,var,buyuk,L,farkli,Z4,0,yüksek,3,25,28,Yüksek,Yüksek
2026-01-04T22:35:24,istanbul,Avcılar,1998,8,evet,evet,hafif,konut,var,buyuk,L,farkli,Z4,0,yüksek,3,25,28,Yüksek,Yüksek
2026-01-04T22:38:42,ankara,Yenimahalle,2004,5,hayir,evet,hafif,konut,emin_degil,yok,dikdortgen,uyumlu,Z2,0,düşük,0,10,10,Orta,Yüksek
2026-01-04T22:39:03,ankara,Yenimahalle,2004,5,hayir,evet,hafif,konut,emin_degil,yok,dikdortgen,uyumlu,Z2,0,düşük,0,10,10,Orta,Düşük
2026-01-04T22:39:46,ankara,Yenimahalle,2004,5,hayir,evet,hafif,konut,emin_degil,yok,dikdortgen,uyumlu,Z2,0,düşük,0,10,10,Orta,Düşük
2026-01-04T22:39:59,ankara,Yenimahalle,2004,5,hayir,evet,hafif,konut,emin_degil,yok,dikdortgen,uyumlu,Z2,0,düşük,0,10,10,Orta,Orta
2026-01-04T22:58:30,ankara,Yenimahalle,2004,5,hayir,evet,hafif,konut,emin_degil,yok,dikdortgen,uyumlu,Z2,0,düşük,0,10,10,Orta,Orta
2026-01-04T23:04:14,istanbul,Avcılar,1988,8,evet,evet,hafif,konut,var,buyuk,L,farkli,Z4,0,yüksek,3,25,28,Yüksek,Yüksek
2026-01-04T23:21:02,istanbul,Beşiktaş,2023,4,hayir,hayir,yok,konut,yok,yok,dikdortgen,yok,Z1,0,yüksek,3,2,5,Düşük,Düşük
2026-01-04T23:21:25,istanbul,Beşiktaş,2023,4,hayir,hayir,yok,konut,yok,yok,dikdortgen,yok,Z1,0,yüksek,3,2,5,Düşük,Düşük
2026-01-04T23:24:07,istanbul,Beşiktaş,2023,4,hayir,hayir,yok,konut,yok,yok,dikdortgen,yok,Z1,0,yüksek,3,2,5,Düşük,Düşük
2026-01-04T23:24:35,istanbul,Beşiktaş,2023,4,hayir,hayir,yok,konut,yok,yok,dikdortgen,yok,Z1,0,yüksek,3,2,5,Düşük,Düşük
2026-01-04T23:38:20,istanbul,Avcılar,1988,8,evet,evet,kolon,konut,var,buyuk,L,farkli,Z4,0,yüksek,3,29,32,Yüksek,Yüksek
2026-01-04T23:40:06,istanbul,Avcılar,1988,8,evet,evet,kolon,konut,var,buyuk,L,farkli,Z4,0,yüksek,3,29,32,Yüksek,Yüksek
2026-01-04T23:41:29,ankara,Yenimahalle,2004,5,hayir,evet,hafif,konut,emin_degil,yok,dikdortgen,uyumlu,Z2,0,düşük,0,10,10,Orta,Orta
2026-01-04T23:42:42,istanbul,Beşiktaş,2023,4,hayir,hayir,yok,konut,yok,yok,dikdortgen,yok,Z1,0,yüksek,3,2,5,Düşük,Düşük
2026-01-07T13:18:13,adana,İmamoğlu,1800,3,hayir,hayir,kolon,konut,emin_degil,yok,dikdortgen,yok,Z3,0,yüksek,3,16,19,Yüksek,Yüksek
2026-01-07T13:19:37,adana,İmamoğlu,1800,3,hayir,hayir,kolon,konut,emin_degil,yok,dikdortgen,yok,Z3,0,yüksek,3,16,19,Yüksek,Yüksek
2026-01-07T13:21:54,ağrı,Eleşkirt,1803,3,hayir,hayir,hafif,konut,emin_degil,yok,dikdortgen,yok,Z3,0,orta,1,12,13,Yüksek,Yüksek
2026-01-07T13:22:40,ağrı,Eleşkirt,1803,3,hayir,hayir,hafif,konut,emin_degil,yok,dikdortgen,yok,Z3,0,orta,1,12,13,Yüksek,Düşük
2026-01-07T13:23:08,ağrı,Eleşkirt,1800,20,hayir,hayir,hafif,konut,emin_degil,yok,dikdortgen,yok,Z3,0,orta,1,16,17,Yüksek,Düşük
2026-01-07T18:37:09,ankara,Çankaya,2024,9,hayir,hayir,yok,konut,yok,yok,dikdortgen,yok,Z2,0,düşük,0,6,6,Orta,Yüksek
2026-01-07T18:38:26,ankara,Çankaya,2024,9,hayir,hayir,yok,konut,yok,yok,dikdortgen,yok,Z2,0,düşük,0,6,6,Orta,Düşük
2026-01-07T18:39:17,ankara,Çankaya,2024,9,hayir,hayir,yok,konut,yok,yok,dikdortgen,yok,Z2,0,düşük,0,6,6,Orta,Yüksek
2026-01-07T18:39:58,ankara,Çankaya,2024,9,hayir,hayir,yok,konut,yok,yok,dikdortgen,yok,Z2,0,düşük,0,6,6,Orta,Yüksek
2026-01-07T18:43:30,ankara,Çankaya,2024,9,hayir,hayir,yok,konut,yok,yok,dikdortgen,yok,Z2,0,düşük,0,6,6,Orta,Düşük
2026-01-07T18:44:19,ankara,Çankaya,2024,9,hayir,hayir,yok,konut,yok,yok,dikdortgen,yok,Z2,0,düşük,0,6,6,Orta,Düşük
2026-01-07T18:45:19,ankara,Çankaya,2024,9,hayir,hayir,yok,konut,yok,yok,dikdortgen,yok,Z2,0,düşük,0,6,6,Orta,Düşük
2026-01-07T18:45:36,ankara,Çankaya,2024,9,hayir,hayir,yok,konut,yok,yok,dikdortgen,yok,Z2,0,düşük,0,6,6,Orta,Düşük
2026-01-07T18:45:53,ankara,Çankaya,2024,9,hayir,hayir,yok,konut,yok,yok,dikdortgen,yok,Z2,0,düşük,0,6,6,Orta,Düşük
2026-01-07T18:46:10,ankara,Çankaya,2024,9,hayir,hayir,yok,konut,yok,yok,dikdortgen,yok,Z2,0,düşük,0,6,6,Orta,Yüksek
2026-01-07T18:46:37,ankara,Çankaya,2023,9,hayir,hayir,yok,konut,yok,yok,dikdortgen,yok,Z2,0,düşük,0,6,6,Orta,Yüksek
2026-01-07T18:47:01,ankara,Çankaya,2023,9,hayir,hayir,yok,konut,yok,yok,dikdortgen,yok,Z2,0,düşük,0,6,6,Orta,Düşük
2026-01-07T18:47:45,ankara,Çankaya,2022,9,hayir,hayir,yok,konut,yok,yok,dikdortgen,yok,Z2,0,düşük,0,6,6,Orta,Düşük
